layer,f1_macro,f1_natural_deception,f1_truth,cm_natural_deception_natural_deception,cm_norm_natural_deception_natural_deception,cm_natural_deception_truth,cm_norm_natural_deception_truth,cm_truth_natural_deception,cm_norm_truth_natural_deception,cm_truth_truth,cm_norm_truth_truth,auroc,n_samples
0,0.6427961415721701,0.6690412806488542,0.6165510024954862,1760,0.7048458149779736,737,0.29515418502202645,1003,0.41756869275603664,1399,0.5824313072439634,0.6972301714933679,4899
1,0.6457076978154406,0.6684878222069142,0.6229275734239669,1744,0.698438125750901,753,0.3015618742490989,975,0.40591174021648624,1427,0.5940882597835138,0.706560199709884,4899
2,0.6723605070102083,0.6897308440825048,0.6549901699379117,1780,0.7128554265118142,717,0.28714457348818584,883,0.36761032472939215,1519,0.6323896752706079,0.7404684757769175,4899
3,0.6778219133488483,0.6974976979595059,0.6581461287381909,1814,0.7264717661193432,683,0.2735282338806568,889,0.3701082431307244,1513,0.6298917568692756,0.7418673471266859,4899
4,0.6807095252012095,0.7015955362445652,0.6598235141578539,1832,0.7336804164997998,665,0.26631958350020024,892,0.3713572023313905,1510,0.6286427976686095,0.7488603296683458,4899
5,0.6802306482225698,0.7006871645103587,0.659774131934781,1827,0.7316780136163397,670,0.2683219863836604,890,0.37052456286427976,1512,0.6294754371357202,0.7480412934566291,4899
6,0.6790829654187498,0.6951055689341917,0.6630603619033077,1788,0.7160592711253504,709,0.2839407288746496,859,0.35761865112406327,1543,0.6423813488759367,0.7461801085469623,4899
7,0.6718619245653947,0.6866907372824917,0.6570331118482977,1759,0.7044453344012815,738,0.29555466559871846,866,0.3605328892589509,1536,0.6394671107410491,0.7460776435476635,4899
8,0.6824362111256514,0.6993001691074683,0.6655722531438346,1804,0.7224669603524229,693,0.2775330396475771,858,0.3572023313905079,1544,0.6427976686094921,0.7540855414501906,4899
9,0.6817443183063793,0.697409529506016,0.6660791071067426,1793,0.7180616740088106,704,0.28193832599118945,851,0.35428809325562033,1551,0.6457119067443797,0.753181105818706,4899
10,0.6981834020091398,0.7119623885106787,0.6844044155076008,1825,0.7308770524629555,672,0.26912294753704447,803,0.3343047460449625,1599,0.6656952539550375,0.7702151432733797,4899
11,0.695060204844059,0.7072595930810952,0.6828608166070227,1803,0.7220664797757309,694,0.27793352022426915,797,0.3318068276436303,1605,0.6681931723563697,0.7716319520537956,4899
12,0.6962380645416574,0.7092241107173431,0.6832520183659716,1812,0.7256708049659591,685,0.27432919503404085,800,0.33305578684429643,1602,0.6669442131557036,0.7699075186269975,4899
13,0.7021623025085921,0.715130407041134,0.6891941979760504,1828,0.7320784941930316,669,0.2679215058069684,787,0.3276436303080766,1615,0.6723563696919234,0.7774814060206345,4899
14,0.7157617064416988,0.7247526825623237,0.7067707303210737,1831,0.7332799359231077,666,0.26672006407689225,725,0.30183180682764366,1677,0.6981681931723563,0.79161739988119,4899
15,0.7172990348702539,0.7272307591648178,0.7073673105756901,1844,0.7384861834201041,653,0.26151381657989586,730,0.3039134054954205,1672,0.6960865945045795,0.7936610721338727,4899
16,0.7313239393262789,0.738255889134931,0.724391989517627,1854,0.7424909891870244,643,0.25750901081297556,672,0.279766860949209,1730,0.720233139050791,0.8086385329321152,4899
17,0.7323928320143966,0.7391893745412611,0.7255962894875322,1856,0.7432919503404085,641,0.2567080496595915,669,0.2785179017485429,1733,0.7214820982514571,0.8105445341965984,4899
18,0.737490111530646,0.7443235220428245,0.7306567010184677,1870,0.748898678414097,627,0.2511013215859031,658,0.2739383846794338,1744,0.7260616153205662,0.8200916908800275,4899
19,0.7470422850701793,0.7540423284927616,0.740042241647597,1898,0.7601121345614738,599,0.23988786543852622,639,0.26602830974188174,1763,0.7339716902581183,0.8268167883723094,4899
20,0.7543714239911363,0.7621032503954269,0.7466395975868458,1926,0.7713255907088507,571,0.22867440929114938,631,0.2626977518734388,1771,0.7373022481265612,0.8319852402518135,4899
21,0.7529826015907415,0.7595353351839405,0.7464298679975424,1909,0.7645174209050861,588,0.2354825790949139,621,0.2585345545378851,1781,0.7414654454621149,0.830784296246686,4899
22,0.7630134763610232,0.7688682102849775,0.7571587424370689,1928,0.7721265518622347,569,0.2278734481377653,591,0.246044962531224,1811,0.753955037468776,0.8400155352145733,4899
23,0.7536974895074791,0.7580144386385352,0.7493805403764229,1888,0.7561073287945534,609,0.24389267120544653,597,0.2485428809325562,1805,0.7514571190674438,0.8361417530105255,4899
24,0.751202655745977,0.7570743982954413,0.7453309131965128,1898,0.7601121345614738,599,0.23988786543852622,619,0.25770191507077433,1783,0.7422980849292257,0.8323234260239121,4899
25,0.7489391823088898,0.7554534386227216,0.7424249259950579,1898,0.7601121345614738,599,0.23988786543852622,630,0.2622814321398834,1772,0.7377185678601166,0.8322943789450002,4899
26,0.7433650323883987,0.7508839404853163,0.7358461242914812,1893,0.7581097316780137,604,0.24189026832198637,652,0.2714404662781016,1750,0.7285595337218984,0.8216383686534539,4899
27,0.741672230810367,0.7500507388372778,0.7332937227834563,1896,0.7593111734080897,601,0.2406888265919103,663,0.2760199833472107,1739,0.7239800166527893,0.8218276669468528,4899
28,0.7392178880267817,0.747730226394016,0.7307055496595473,1891,0.7573087705246295,606,0.24269122947537045,670,0.27893422148209823,1732,0.7210657785179018,0.8174646526941618,4899
29,0.7369649428002827,0.7456313315369469,0.7282985540636184,1886,0.7553063676411694,611,0.2446936323588306,676,0.28143213988343047,1726,0.7185678601165695,0.8134818958047767,4899
30,0.7322393364249846,0.7412684254282401,0.7232102474217292,1876,0.7513015618742491,621,0.2486984381257509,689,0.2868442964196503,1713,0.7131557035803497,0.8107335369352704,4899
31,0.731162604259169,0.7411960417557145,0.7211291667626236,1883,0.7541049259110933,614,0.24589507408890668,701,0.2918401332223147,1701,0.7081598667776853,0.8119504494783051,4899
32,0.7336664028447634,0.7431361824980001,0.7241966231915267,1884,0.7545054064877853,613,0.24549459351221467,690,0.28726061615320564,1712,0.7127393838467944,0.812451020410537,4899
33,0.7308899927258626,0.7419931977777487,0.7197867876739765,1892,0.7577092511013216,605,0.2422907488986784,711,0.2960033305578684,1691,0.7039966694421316,0.8103464389346954,4899
34,0.7334742919123178,0.7451726004729526,0.721775983351683,1905,0.762915498598318,592,0.23708450140168202,711,0.2960033305578684,1691,0.7039966694421316,0.8048397302227464,4899
35,0.728934805926837,0.739072987660298,0.7187966241933761,1878,0.7521025230276331,619,0.24789747697236683,707,0.29433805162364696,1695,0.705661948376353,0.8041126358052209,4899
