layer,f1_macro,f1_capable_failed,f1_deception,f1_deception_rejection,f1_honest_mistake,f1_natural_deception,f1_truth,cm_capable_failed_capable_failed,cm_norm_capable_failed_capable_failed,cm_capable_failed_deception,cm_norm_capable_failed_deception,cm_capable_failed_deception_rejection,cm_norm_capable_failed_deception_rejection,cm_capable_failed_honest_mistake,cm_norm_capable_failed_honest_mistake,cm_capable_failed_natural_deception,cm_norm_capable_failed_natural_deception,cm_capable_failed_truth,cm_norm_capable_failed_truth,cm_deception_capable_failed,cm_norm_deception_capable_failed,cm_deception_deception,cm_norm_deception_deception,cm_deception_deception_rejection,cm_norm_deception_deception_rejection,cm_deception_honest_mistake,cm_norm_deception_honest_mistake,cm_deception_natural_deception,cm_norm_deception_natural_deception,cm_deception_truth,cm_norm_deception_truth,cm_deception_rejection_capable_failed,cm_norm_deception_rejection_capable_failed,cm_deception_rejection_deception,cm_norm_deception_rejection_deception,cm_deception_rejection_deception_rejection,cm_norm_deception_rejection_deception_rejection,cm_deception_rejection_honest_mistake,cm_norm_deception_rejection_honest_mistake,cm_deception_rejection_natural_deception,cm_norm_deception_rejection_natural_deception,cm_deception_rejection_truth,cm_norm_deception_rejection_truth,cm_honest_mistake_capable_failed,cm_norm_honest_mistake_capable_failed,cm_honest_mistake_deception,cm_norm_honest_mistake_deception,cm_honest_mistake_deception_rejection,cm_norm_honest_mistake_deception_rejection,cm_honest_mistake_honest_mistake,cm_norm_honest_mistake_honest_mistake,cm_honest_mistake_natural_deception,cm_norm_honest_mistake_natural_deception,cm_honest_mistake_truth,cm_norm_honest_mistake_truth,cm_natural_deception_capable_failed,cm_norm_natural_deception_capable_failed,cm_natural_deception_deception,cm_norm_natural_deception_deception,cm_natural_deception_deception_rejection,cm_norm_natural_deception_deception_rejection,cm_natural_deception_honest_mistake,cm_norm_natural_deception_honest_mistake,cm_natural_deception_natural_deception,cm_norm_natural_deception_natural_deception,cm_natural_deception_truth,cm_norm_natural_deception_truth,cm_truth_capable_failed,cm_norm_truth_capable_failed,cm_truth_deception,cm_norm_truth_deception,cm_truth_deception_rejection,cm_norm_truth_deception_rejection,cm_truth_honest_mistake,cm_norm_truth_honest_mistake,cm_truth_natural_deception,cm_norm_truth_natural_deception,cm_truth_truth,cm_norm_truth_truth
0,0.26217750064887807,0.2275151239545985,0.49207443256588856,0.16755259002606931,0.5103547195252295,0.0156003493144584,0.15996778850702437,575,0.1721556886227545,468,0.14011976047904193,51,0.01526946107784431,2043,0.6116766467065868,5,0.0014970059880239522,198,0.0592814371257485,124,0.03546910755148741,2035,0.5820938215102975,115,0.03289473684210526,1090,0.31178489702517165,4,0.0011441647597254005,128,0.036613272311212815,115,0.07898351648351648,696,0.47802197802197804,161,0.11057692307692307,429,0.29464285714285715,1,0.0006868131868131869,54,0.03708791208791209,367,0.06650960492932222,801,0.14516129032258066,36,0.006524102935846321,4186,0.7586081913736861,16,0.002899601304820587,112,0.02029720913374411,148,0.059271125350420506,381,0.1525830997196636,20,0.008009611533840609,1859,0.7444933920704846,20,0.008009611533840609,69,0.0276331597917501,384,0.15986677768526228,394,0.16402997502081598,82,0.03413821815154038,1278,0.5320566194837635,6,0.002497918401332223,258,0.10741049125728559
1,0.28152152585981727,0.26906081060071124,0.5426634997086848,0.1679969612569774,0.5145643572069805,0.03696448396930256,0.15787904241624715,724,0.21676646706586827,406,0.12155688622754492,54,0.016167664670658683,1960,0.5868263473053892,2,0.0005988023952095808,194,0.05808383233532934,82,0.02345537757437071,2245,0.642162471395881,119,0.034038901601830665,902,0.2580091533180778,6,0.0017162471395881006,142,0.04061784897025172,101,0.06936813186813187,755,0.5185439560439561,161,0.11057692307692307,386,0.2651098901098901,0,0.0,53,0.036401098901098904,459,0.08318231243204059,730,0.13229430953243929,32,0.005799202609641174,4106,0.7441101848495831,38,0.006886553098948894,153,0.027727437477346864,217,0.0869042851421706,302,0.12094513416099319,17,0.006808169803764518,1822,0.7296756107328795,48,0.01922306768121746,91,0.03644373247897477,456,0.18984179850124897,340,0.14154870940882597,78,0.0324729392173189,1265,0.5266444629475437,3,0.0012489592006661116,260,0.10824313072439634
2,0.32318917928572566,0.3129911587666615,0.6104892680173089,0.23509531248400117,0.5397002879074705,0.05407004739194058,0.1867890011469711,906,0.2712574850299401,317,0.09491017964071856,48,0.01437125748502994,1838,0.5502994011976048,5,0.0014970059880239522,226,0.06766467065868263,73,0.020881006864988557,2490,0.7122425629290617,176,0.05034324942791762,590,0.16876430205949658,8,0.002288329519450801,159,0.04548054919908467,67,0.04601648351648352,847,0.5817307692307693,242,0.1662087912087912,243,0.16689560439560439,2,0.0013736263736263737,55,0.03777472527472527,574,0.10402319681043856,523,0.09478071765132294,45,0.008155128669807901,4140,0.750271837622327,70,0.012685755708590069,166,0.03008336353751359,257,0.10292350820985183,206,0.08249899879855827,24,0.00961153384060873,1846,0.7392871445734882,72,0.02883460152182619,92,0.0368442130556668,569,0.23688592839300582,278,0.115736885928393,67,0.027893422148209824,1166,0.48542880932556204,2,0.0008326394671107411,320,0.13322231473771856
3,0.32976016538662756,0.3149919373025126,0.6145428471161634,0.2555315154305581,0.5436671630872041,0.057958609408451045,0.19186891997487615,916,0.274251497005988,293,0.0877245508982036,46,0.013772455089820359,1812,0.5425149700598803,6,0.0017964071856287425,267,0.07994011976047904,71,0.02030892448512586,2479,0.709096109839817,193,0.055205949656750575,603,0.17248283752860413,1,0.0002860411899313501,149,0.04262013729977117,66,0.04532967032967033,814,0.5590659340659341,268,0.18406593406593408,234,0.16071428571428573,1,0.0006868131868131869,73,0.05013736263736264,574,0.10402319681043856,508,0.09206234142805364,34,0.0061616527727437476,4153,0.7526277636824936,70,0.012685755708590069,179,0.03243928959768032,260,0.10412494993992791,188,0.07529034841810173,26,0.010412494993992792,1840,0.736884261113336,77,0.030837004405286344,106,0.04245094112935523,583,0.24271440466278102,291,0.12114904246461282,72,0.02997502081598668,1117,0.4650291423813489,2,0.0008326394671107411,337,0.14029975020815988
4,0.3607769393142422,0.33094938581168415,0.695814530472877,0.2817730555489183,0.573517419277378,0.05902875388161423,0.22357849089298137,970,0.2904191616766467,165,0.04940119760479042,21,0.006287425149700598,1894,0.567065868263473,7,0.002095808383233533,283,0.0847305389221557,38,0.010869565217391304,2746,0.7854691075514875,235,0.06721967963386728,327,0.09353546910755149,1,0.0002860411899313501,149,0.04262013729977117,50,0.034340659340659344,940,0.6456043956043956,295,0.2026098901098901,115,0.07898351648351648,1,0.0006868131868131869,55,0.03777472527472527,589,0.10674157303370786,254,0.04603117071402682,28,0.005074302283436027,4396,0.7966654584994564,51,0.009242479159115621,200,0.03624501631025734,280,0.11213456147376852,125,0.0500600720865038,15,0.006007208650380457,1890,0.7569082899479376,78,0.031237484981978373,109,0.043652382859431314,595,0.24771024146544546,167,0.06952539550374688,41,0.01706910907577019,1190,0.4954204829308909,6,0.002497918401332223,403,0.16777685262281433
5,0.34748824207921686,0.3264003423869693,0.6408243065252985,0.3015426791780956,0.5561894339395881,0.06214220639319588,0.19783048405215398,950,0.2844311377245509,241,0.0721556886227545,40,0.011976047904191617,1837,0.55,9,0.002694610778443114,263,0.07874251497005988,57,0.016304347826086956,2558,0.7316933638443935,199,0.05692219679633867,519,0.14845537757437072,4,0.0011441647597254005,159,0.04548054919908467,58,0.03983516483516483,831,0.5707417582417582,323,0.22184065934065933,176,0.12087912087912088,2,0.0013736263736263737,66,0.04532967032967033,547,0.09913011960855382,437,0.07919536063791228,34,0.0061616527727437476,4253,0.7707502718376223,64,0.011598405219282348,183,0.033164189923885465,279,0.1117340808970765,168,0.06728073688426112,22,0.00881057268722467,1849,0.7404885863035643,83,0.03323988786543853,96,0.03844613536243492,588,0.24479600333055787,253,0.10532889258950874,63,0.026228143213988343,1141,0.4750208159866778,9,0.003746877601998335,348,0.14487926727726894
6,0.31980668677094526,0.3154964267234958,0.5543588187485923,0.2532253642753229,0.5315440814373905,0.059858001323200384,0.20435742811766974,907,0.2715568862275449,390,0.11676646706586827,61,0.018263473053892216,1740,0.5209580838323353,5,0.0014970059880239522,237,0.07095808383233533,118,0.033752860411899316,2251,0.6438787185354691,149,0.04262013729977117,798,0.22826086956521738,1,0.0002860411899313501,179,0.05120137299771167,99,0.06799450549450549,709,0.48695054945054944,265,0.1820054945054945,302,0.20741758241758243,0,0.0,81,0.05563186813186813,514,0.09314969191736136,680,0.12323305545487495,40,0.007249003262051468,4067,0.737042406669083,51,0.009242479159115621,166,0.03008336353751359,257,0.10292350820985183,259,0.10372446936323589,28,0.011213456147376852,1784,0.7144573488185822,79,0.031637965558670406,90,0.03604325190228274,515,0.21440466278101583,336,0.1398834304746045,93,0.03871773522064946,1094,0.45545378850957535,4,0.0016652789342214821,360,0.1498751040799334
7,0.3197543653699786,0.30815703934463085,0.5483147334859979,0.26108057879823143,0.5344843456102378,0.06022324205290687,0.2062662529278668,902,0.27005988023952093,386,0.1155688622754491,74,0.02215568862275449,1727,0.517065868263473,2,0.0005988023952095808,249,0.07455089820359281,139,0.03975972540045766,2201,0.6295766590389016,163,0.04662471395881007,831,0.23770022883295194,5,0.0014302059496567505,157,0.04490846681922197,106,0.07280219780219781,693,0.47596153846153844,277,0.19024725274725274,306,0.21016483516483517,0,0.0,74,0.050824175824175824,541,0.0980427691192461,648,0.11743385284523378,37,0.006705328017397608,4084,0.7401232330554549,38,0.006886553098948894,170,0.030808263863718738,262,0.10492591109331198,264,0.10572687224669604,27,0.010812975570684821,1769,0.7084501401682018,79,0.031637965558670406,96,0.03844613536243492,563,0.2343880099916736,340,0.14154870940882597,88,0.03663613655287261,1047,0.4358867610324729,1,0.00041631973355537054,363,0.1511240632805995
8,0.35861389862677195,0.35306300052256795,0.6647548679206143,0.30710251200883454,0.5636601170242834,0.05781688820341224,0.2052860060809194,1088,0.325748502994012,170,0.05089820359281437,42,0.012574850299401197,1768,0.5293413173652695,6,0.0017964071856287425,266,0.07964071856287425,56,0.016018306636155607,2601,0.7439931350114416,218,0.062356979405034325,480,0.13729977116704806,1,0.0002860411899313501,140,0.04004576659038902,52,0.03571428571428571,810,0.5563186813186813,335,0.23008241758241757,189,0.12980769230769232,1,0.0006868131868131869,69,0.04739010989010989,614,0.11127220007249003,373,0.06759695541862994,53,0.009604929322218195,4260,0.7720188474084814,45,0.008155128669807901,173,0.0313519391083726,327,0.13095714857829396,151,0.06047256708049659,17,0.006808169803764518,1833,0.7340808970764918,76,0.030436523828594315,93,0.03724469363235883,686,0.28559533721898417,225,0.09367194004995837,61,0.0253955037468776,1068,0.4446294754371357,2,0.0008326394671107411,360,0.1498751040799334
9,0.4025843023761458,0.3582360541175695,0.7718834313413645,0.3952996878080993,0.5874751954201772,0.055388369978611,0.24722307559105303,1093,0.3272455089820359,35,0.010479041916167664,8,0.0023952095808383233,1860,0.5568862275449101,9,0.002694610778443114,335,0.10029940119760479,4,0.0011441647597254005,2979,0.852116704805492,244,0.06979405034324943,163,0.04662471395881007,0,0.0,106,0.03032036613272311,10,0.006868131868131868,934,0.6414835164835165,429,0.29464285714285715,63,0.04326923076923077,0,0.0,20,0.013736263736263736,652,0.11815875317143892,120,0.021747009786154403,14,0.0025371511417180137,4443,0.8051830373323668,54,0.009786154403769481,235,0.04258789416455237,334,0.13376051261513816,41,0.016419703644373247,2,0.0008009611533840609,1933,0.7741289547456949,73,0.02923508209851822,114,0.04565478574289147,668,0.2781015820149875,114,0.04746044962531224,17,0.007077435470441299,1146,0.47710241465445463,3,0.0012489592006661116,454,0.18900915903413823
10,0.39376251966837295,0.3590805196058898,0.7444630795680771,0.3787709819791506,0.5820331638055356,0.05619337856082921,0.24203399449075494,1126,0.33712574850299404,69,0.02065868263473054,23,0.0068862275449101795,1810,0.5419161676646707,6,0.0017964071856287425,306,0.09161676646706587,17,0.004862700228832952,2892,0.8272311212814645,255,0.07294050343249428,221,0.06321510297482838,0,0.0,111,0.031750572082379865,22,0.01510989010989011,895,0.6146978021978022,417,0.2864010989010989,91,0.0625,1,0.0006868131868131869,30,0.020604395604395604,699,0.1266763320043494,183,0.033164189923885465,25,0.004530627038782167,4352,0.7886915549111997,54,0.009786154403769481,205,0.03715114171801377,349,0.13976772126551862,83,0.03323988786543853,9,0.003604325190228274,1879,0.7525030036043252,74,0.029635562675210253,103,0.04124949939927913,715,0.29766860949208995,152,0.06328059950041633,16,0.006661115736885929,1083,0.45087427144046627,1,0.00041631973355537054,435,0.18109908409658618
11,0.41108210355142,0.3684090206604807,0.7723763024138561,0.4138749013010563,0.5910764260166262,0.05628278039724353,0.2644731905192569,1154,0.34550898203592817,35,0.010479041916167664,3,0.0008982035928143712,1795,0.5374251497005988,8,0.0023952095808383233,345,0.10329341317365269,4,0.0011441647597254005,2955,0.8452517162471396,275,0.07866132723112128,169,0.048340961098398166,1,0.0002860411899313501,92,0.02631578947368421,10,0.006868131868131868,901,0.6188186813186813,462,0.3173076923076923,64,0.04395604395604396,0,0.0,19,0.01304945054945055,699,0.1266763320043494,108,0.019572308807538963,19,0.003443276549474447,4414,0.7999275099673795,47,0.008517578832910475,231,0.041862993838347226,350,0.14016820184221065,46,0.0184221065278334,11,0.004405286343612335,1890,0.7569082899479376,74,0.029635562675210253,126,0.05046055266319584,706,0.2939217318900916,110,0.04579517069109076,8,0.0033305578684429643,1086,0.4521232306411324,1,0.00041631973355537054,491,0.20441298917568693
12,0.4065063342069129,0.3698918362046614,0.760964770703232,0.42424482203894265,0.5865463564579428,0.0445157698576159,0.25287444997908254,1157,0.3464071856287425,42,0.012574850299401197,7,0.002095808383233533,1781,0.5332335329341318,2,0.0005988023952095808,351,0.10508982035928144,6,0.0017162471395881006,2902,0.830091533180778,298,0.08524027459954234,190,0.05434782608695652,0,0.0,100,0.028604118993135013,10,0.006868131868131868,879,0.6037087912087912,480,0.32967032967032966,71,0.048763736263736264,0,0.0,16,0.01098901098901099,691,0.12522653135193912,139,0.02519028633562885,10,0.001812250815512867,4389,0.7953968829285973,46,0.008336353751359188,243,0.044037694816962666,348,0.13936724068882658,50,0.020024028834601523,2,0.0008009611533840609,1916,0.7673207849419303,58,0.023227873448137766,123,0.04925911093311974,703,0.2926727726894255,119,0.04954204829308909,10,0.004163197335553705,1100,0.4579517069109076,1,0.00041631973355537054,469,0.19525395503746878
13,0.42698781436168837,0.38417133247580315,0.7962740857616337,0.4599196940802847,0.6029797298213562,0.04967069878626683,0.26891134524478544,1216,0.36407185628742517,16,0.004790419161676647,6,0.0017964071856287425,1774,0.5311377245508982,2,0.0005988023952095808,326,0.09760479041916167,6,0.0017162471395881006,3035,0.8681350114416476,293,0.08381006864988558,74,0.02116704805491991,0,0.0,88,0.02517162471395881,5,0.003434065934065934,874,0.6002747252747253,529,0.3633241758241758,38,0.0260989010989011,0,0.0,10,0.006868131868131868,680,0.12323305545487495,67,0.012142080463936208,10,0.001812250815512867,4482,0.8122508155128669,44,0.007973903588256614,235,0.04258789416455237,364,0.14577492991589908,27,0.010812975570684821,4,0.0016019223067681217,1906,0.76331597917501,65,0.026031237484981977,131,0.05246295554665599,720,0.2997502081598668,108,0.044962531223980015,2,0.0008326394671107411,1074,0.44712739383846795,2,0.0008326394671107411,496,0.20649458784346378
14,0.44223190814052143,0.384456285608505,0.8108570036910399,0.49255112702250914,0.6157892804958514,0.05577353519403279,0.29396421683119023,1212,0.362874251497006,3,0.0008982035928143712,5,0.0014970059880239522,1715,0.5134730538922155,1,0.0002994011976047904,404,0.12095808383233533,0,0.0,3057,0.8744279176201373,315,0.09010297482837529,32,0.009153318077803204,0,0.0,92,0.02631578947368421,1,0.0006868131868131869,861,0.5913461538461539,582,0.39972527472527475,7,0.004807692307692308,0,0.0,5,0.003434065934065934,678,0.12287060529177238,16,0.002899601304820587,3,0.0005436752446538601,4538,0.822399420079739,46,0.008336353751359188,237,0.042950344327654946,356,0.14257108530236284,4,0.0016019223067681217,2,0.0008009611533840609,1915,0.7669203043652383,73,0.02923508209851822,147,0.05887064477372848,717,0.29850124895920066,103,0.04288093255620316,1,0.00041631973355537054,1014,0.4221482098251457,0,0.0,567,0.23605328892589508
15,0.4503217066190726,0.4030812211310647,0.8121834374028966,0.5205323025061734,0.6184100006770957,0.05656743947634626,0.29115583852085913,1290,0.38622754491017963,5,0.0014970059880239522,0,0.0,1657,0.49610778443113773,2,0.0005988023952095808,386,0.1155688622754491,1,0.0002860411899313501,3047,0.8715675057208238,318,0.09096109839816933,29,0.008295194508009153,0,0.0,101,0.028890160183066362,1,0.0006868131868131869,821,0.5638736263736264,627,0.43063186813186816,4,0.0027472527472527475,0,0.0,3,0.0020604395604395605,672,0.12178325480246466,20,0.003624501631025734,5,0.0009061254077564335,4531,0.8211308445088801,41,0.007430228343602754,249,0.04512504530627039,357,0.14297156587905488,6,0.0024028834601521826,0,0.0,1925,0.7709251101321586,74,0.029635562675210253,135,0.054064877853424106,740,0.3080766028309742,108,0.044962531223980015,3,0.0012489592006661116,990,0.4121565362198168,2,0.0008326394671107411,559,0.23272273105745211
16,0.461806024605266,0.40956846246145373,0.8222352763257526,0.5709916672968351,0.6249992322171904,0.05273782156540777,0.2903036877649565,1346,0.4029940119760479,3,0.0008982035928143712,2,0.0005988023952095808,1566,0.4688622754491018,2,0.0005988023952095808,421,0.12604790419161677,1,0.0002860411899313501,3034,0.8678489702517163,344,0.09839816933638444,25,0.007151029748283753,0,0.0,92,0.02631578947368421,1,0.0006868131868131869,723,0.4965659340659341,722,0.4958791208791209,6,0.004120879120879121,0,0.0,4,0.0027472527472527475,695,0.12595143167814427,16,0.002899601304820587,2,0.0003624501631025734,4522,0.8194998187749184,48,0.008698803914461761,235,0.04258789416455237,375,0.15018021625951142,7,0.002803364036844213,0,0.0,1909,0.7645174209050861,69,0.0276331597917501,137,0.05486583900680817,815,0.339300582847627,101,0.04204829308909242,2,0.0008326394671107411,925,0.3850957535387177,0,0.0,559,0.23272273105745211
17,0.4668296443752107,0.4278313178169834,0.8265124685879879,0.5887145458531646,0.6296406519812308,0.057120822669720975,0.2711580593421762,1430,0.4281437125748503,0,0.0,1,0.0002994011976047904,1499,0.4488023952095808,3,0.0008982035928143712,407,0.1218562874251497,0,0.0,3038,0.8689931350114416,345,0.09868421052631579,12,0.003432494279176201,0,0.0,101,0.028890160183066362,1,0.0006868131868131869,695,0.47733516483516486,754,0.5178571428571429,6,0.004120879120879121,0,0.0,0,0.0,691,0.12522653135193912,9,0.0016310257339615802,3,0.0005436752446538601,4534,0.8216745197535339,48,0.008698803914461761,233,0.0422254440014498,364,0.14577492991589908,0,0.0,0,0.0,1923,0.7701241489787746,75,0.030036043251902282,135,0.054064877853424106,859,0.35761865112406327,113,0.04704412989175687,3,0.0012489592006661116,910,0.37885095753538717,2,0.0008326394671107411,515,0.21440466278101583
18,0.47068235027431893,0.4271885132368425,0.8245531930102571,0.5906800425366715,0.6321800900531779,0.058579551007141385,0.2909127118018236,1433,0.4290419161676647,1,0.0002994011976047904,0,0.0,1491,0.44640718562874254,2,0.0005988023952095808,413,0.12365269461077845,0,0.0,3013,0.8618421052631579,360,0.10297482837528604,17,0.004862700228832952,0,0.0,106,0.03032036613272311,2,0.0013736263736263737,684,0.4697802197802198,763,0.5240384615384616,7,0.004807692307692308,0,0.0,0,0.0,700,0.12685755708590069,8,0.0014498006524102935,2,0.0003624501631025734,4539,0.8225806451612904,50,0.009061254077564335,219,0.039688292859731786,369,0.14777733279935923,6,0.0024028834601521826,0,0.0,1910,0.7649179014817782,77,0.030837004405286344,135,0.054064877853424106,863,0.35928393005828474,100,0.041631973355537054,2,0.0008326394671107411,878,0.3655287260616153,1,0.00041631973355537054,558,0.23230641132389676
19,0.47925858596186094,0.44173626145058975,0.8312351515386327,0.6131144156927274,0.638708064034158,0.05922921662595221,0.2915284064291054,1495,0.4476047904191617,0,0.0,0,0.0,1443,0.43203592814371256,5,0.0014970059880239522,397,0.1188622754491018,0,0.0,3026,0.8655606407322655,364,0.10411899313501144,10,0.002860411899313501,1,0.0002860411899313501,95,0.02717391304347826,1,0.0006868131868131869,644,0.4423076923076923,806,0.5535714285714286,4,0.0027472527472527475,0,0.0,1,0.0006868131868131869,678,0.12287060529177238,5,0.0009061254077564335,0,0.0,4566,0.8274737223631751,50,0.009061254077564335,219,0.039688292859731786,346,0.13856627953544254,1,0.00040048057669203043,0,0.0,1930,0.7729275130156188,78,0.031237484981978373,142,0.056868241890268324,909,0.3784346378018318,109,0.04537885095753539,2,0.0008326394671107411,826,0.34388009991673607,0,0.0,556,0.231473771856786
20,0.4804058473488351,0.450652362525752,0.8329638639002642,0.6127126873843063,0.6436956994539748,0.05985574598079407,0.28255472484791944,1548,0.46347305389221555,0,0.0,0,0.0,1370,0.4101796407185629,5,0.0014970059880239522,417,0.1248502994011976,0,0.0,3031,0.8669908466819222,364,0.10411899313501144,10,0.002860411899313501,0,0.0,91,0.02602974828375286,0,0.0,645,0.4429945054945055,805,0.5528846153846154,3,0.0020604395604395605,0,0.0,3,0.0020604395604395605,677,0.12268938021022109,2,0.0003624501631025734,0,0.0,4576,0.8292859731786879,52,0.009423704240666908,211,0.03823849220732149,363,0.14537444933920704,0,0.0,0,0.0,1928,0.7721265518622347,79,0.031637965558670406,127,0.050861033239887866,942,0.39217318900915904,104,0.04329725228975854,1,0.00041631973355537054,813,0.3384679433805162,6,0.002497918401332223,536,0.2231473771856786
21,0.48442490659516685,0.45118446521718036,0.8369560177036413,0.6280408793948842,0.6448988191892389,0.05700879477951058,0.2884604632865457,1551,0.46437125748502994,0,0.0,0,0.0,1365,0.4086826347305389,7,0.002095808383233533,417,0.1248502994011976,1,0.0002860411899313501,3044,0.8707093821510298,342,0.09782608695652174,11,0.003146453089244851,0,0.0,98,0.02803203661327231,0,0.0,625,0.42925824175824173,824,0.5659340659340659,3,0.0020604395604395605,0,0.0,4,0.0027472527472527475,678,0.12287060529177238,5,0.0009061254077564335,0,0.0,4584,0.8307357738310982,46,0.008336353751359188,205,0.03715114171801377,371,0.1485782939527433,1,0.00040048057669203043,0,0.0,1923,0.7701241489787746,75,0.030036043251902282,127,0.050861033239887866,933,0.3884263114071607,103,0.04288093255620316,1,0.00041631973355537054,812,0.33805162364696084,4,0.0016652789342214821,549,0.2285595337218984
22,0.48380496289273506,0.45718184686897734,0.8331799126023169,0.6174434762533476,0.6452642361396095,0.06002624508644007,0.2897340604057187,1600,0.47904191616766467,0,0.0,0,0.0,1309,0.39191616766467063,6,0.0017964071856287425,425,0.12724550898203593,0,0.0,3032,0.8672768878718535,361,0.10326086956521739,5,0.0014302059496567505,0,0.0,98,0.02803203661327231,0,0.0,640,0.43956043956043955,812,0.5576923076923077,1,0.0006868131868131869,0,0.0,3,0.0020604395604395605,728,0.1319318593693367,1,0.0001812250815512867,0,0.0,4551,0.8247553461399058,45,0.008155128669807901,193,0.03497644073939833,379,0.15178213856627953,1,0.00040048057669203043,0,0.0,1933,0.7741289547456949,79,0.031637965558670406,105,0.0420504605526632,953,0.3967527060782681,108,0.044962531223980015,1,0.00041631973355537054,789,0.32847626977518735,4,0.0016652789342214821,547,0.22772689425478768
23,0.48249803746491443,0.4495121322276221,0.8349150279469126,0.6169528603326037,0.6458941971972302,0.06076528728602185,0.2869487197990962,1577,0.4721556886227545,1,0.0002994011976047904,0,0.0,1336,0.4,8,0.0023952095808383233,418,0.1251497005988024,0,0.0,3042,0.870137299771167,353,0.10097254004576658,7,0.002002288329519451,0,0.0,94,0.02688787185354691,0,0.0,645,0.4429945054945055,808,0.554945054945055,1,0.0006868131868131869,0,0.0,2,0.0013736263736263737,721,0.13066328379847772,0,0.0,1,0.0001812250815512867,4547,0.8240304458137007,45,0.008155128669807901,204,0.036969916636462485,382,0.15298358029635561,0,0.0,0,0.0,1915,0.7669203043652383,80,0.032038446135362435,120,0.048057669203043656,996,0.414654454621149,103,0.04288093255620316,1,0.00041631973355537054,755,0.31432139883430477,3,0.0012489592006661116,544,0.22647793505412156
24,0.48055646513674405,0.4501627799075741,0.8354080979124767,0.6127352877896463,0.6456436308351603,0.05935356881820179,0.28003542555740574,1560,0.46706586826347307,0,0.0,0,0.0,1347,0.4032934131736527,5,0.0014970059880239522,428,0.1281437125748503,0,0.0,3058,0.8747139588100686,338,0.09668192219679633,6,0.0017162471395881006,0,0.0,94,0.02688787185354691,0,0.0,659,0.4526098901098901,793,0.5446428571428571,1,0.0006868131868131869,0,0.0,3,0.0020604395604395605,695,0.12595143167814427,1,0.0001812250815512867,0,0.0,4577,0.8294671982602392,45,0.008155128669807901,200,0.03624501631025734,382,0.15298358029635561,1,0.00040048057669203043,0,0.0,1920,0.7689227072486985,78,0.031237484981978373,116,0.04645574689627553,955,0.39758534554537883,106,0.04412989175686927,1,0.00041631973355537054,809,0.33680266444629475,3,0.0012489592006661116,528,0.21981681931723562
25,0.4786572946120417,0.44983254036835535,0.8328551875057112,0.6115719259724316,0.6410527526552158,0.05914192809425485,0.27748943307628166,1559,0.4667664670658683,1,0.0002994011976047904,0,0.0,1358,0.40658682634730536,4,0.0011976047904191617,418,0.1251497005988024,0,0.0,3055,0.8738558352402745,330,0.09439359267734554,9,0.002574370709382151,0,0.0,102,0.02917620137299771,1,0.0006868131868131869,663,0.45535714285714285,787,0.540521978021978,2,0.0013736263736263737,0,0.0,3,0.0020604395604395605,696,0.12613265675969554,1,0.0001812250815512867,0,0.0,4540,0.8227618702428416,54,0.009786154403769481,227,0.04113809351214208,400,0.16019223067681218,1,0.00040048057669203043,0,0.0,1920,0.7689227072486985,78,0.031237484981978373,98,0.03924709651581898,935,0.3892589508742714,119,0.04954204829308909,1,0.00041631973355537054,818,0.3405495420482931,5,0.0020815986677768525,524,0.21815154038301415
26,0.4734439447735988,0.43803334452164816,0.8317846881310199,0.5997333432792583,0.6419910005183003,0.05571463694974764,0.2734066552416184,1506,0.45089820359281435,0,0.0,1,0.0002994011976047904,1414,0.4233532934131736,1,0.0002994011976047904,418,0.1251497005988024,0,0.0,3061,0.8755720823798627,326,0.09324942791762014,8,0.002288329519450801,0,0.0,101,0.028890160183066362,0,0.0,687,0.47184065934065933,764,0.5247252747252747,2,0.0013736263736263737,0,0.0,3,0.0020604395604395605,683,0.12377673069952881,0,0.0,0,0.0,4577,0.8294671982602392,44,0.007973903588256614,214,0.03878216745197535,403,0.16139367240688826,1,0.00040048057669203043,0,0.0,1915,0.7669203043652383,73,0.02923508209851822,105,0.0420504605526632,943,0.3925895087427144,115,0.04787676935886761,1,0.00041631973355537054,825,0.3434637801831807,4,0.0016652789342214821,514,0.21398834304746045
27,0.47447677054640297,0.43913623849145045,0.8331511504100056,0.5975190333629535,0.6396197813670016,0.057191972403125554,0.28024244724388103,1511,0.45239520958083834,1,0.0002994011976047904,1,0.0002994011976047904,1406,0.42095808383233535,3,0.0008982035928143712,418,0.1251497005988024,0,0.0,3071,0.8784324942791762,321,0.09181922196796338,9,0.002574370709382151,0,0.0,95,0.02717391304347826,1,0.0006868131868131869,693,0.47596153846153844,758,0.5206043956043956,2,0.0013736263736263737,0,0.0,2,0.0013736263736263737,708,0.12830735773831098,0,0.0,0,0.0,4546,0.8238492207321493,40,0.007249003262051468,224,0.04059441826748822,393,0.15738886663996796,0,0.0,1,0.00040048057669203043,1910,0.7649179014817782,75,0.030036043251902282,118,0.04725670804965959,929,0.3867610324729392,111,0.04621149042464613,0,0.0,824,0.3430474604496253,7,0.0029142381348875937,531,0.22106577851790174
28,0.47045780222203004,0.44032295742861,0.8294406674687252,0.5833585242242958,0.6383867313420073,0.057318209884941504,0.2739197229836005,1519,0.4547904191616767,1,0.0002994011976047904,1,0.0002994011976047904,1416,0.4239520958083832,1,0.0002994011976047904,402,0.12035928143712575,1,0.0002860411899313501,3070,0.8781464530892449,320,0.09153318077803203,12,0.003432494279176201,0,0.0,93,0.02660183066361556,0,0.0,720,0.4945054945054945,732,0.5027472527472527,2,0.0013736263736263737,0,0.0,2,0.0013736263736263737,704,0.12758245741210583,2,0.0003624501631025734,1,0.0001812250815512867,4549,0.8243928959768032,41,0.007430228343602754,221,0.04005074302283436,412,0.16499799759711653,1,0.00040048057669203043,0,0.0,1903,0.762114537444934,75,0.030036043251902282,106,0.04245094112935523,923,0.384263114071607,112,0.0466278101582015,1,0.00041631973355537054,852,0.3547044129891757,2,0.0008326394671107411,512,0.21315570358034971
29,0.4688008621394126,0.4396674433697207,0.8309517548248673,0.5797590716623556,0.634765207885609,0.05953632991444794,0.26812536517947505,1495,0.4476047904191617,1,0.0002994011976047904,2,0.0005988023952095808,1445,0.43263473053892215,1,0.0002994011976047904,396,0.118562874251497,1,0.0002860411899313501,3092,0.8844393592677345,302,0.08638443935926773,16,0.004576659038901602,0,0.0,85,0.02431350114416476,0,0.0,732,0.5027472527472527,720,0.4945054945054945,2,0.0013736263736263737,0,0.0,2,0.0013736263736263737,693,0.1255889815150417,5,0.0009061254077564335,2,0.0003624501631025734,4554,0.8252990213845596,41,0.007430228343602754,223,0.04041319318593693,385,0.15418502202643172,0,0.0,0,0.0,1918,0.7681217460953144,78,0.031237484981978373,116,0.04645574689627553,886,0.3688592839300583,116,0.04829308909242298,2,0.0008326394671107411,896,0.373022481265612,3,0.0012489592006661116,499,0.2077435470441299
30,0.4608077423513204,0.43562564027413037,0.8265186730298664,0.5582069649440637,0.6307807737186375,0.05864299086048488,0.2550714112807394,1465,0.43862275449101795,1,0.0002994011976047904,1,0.0002994011976047904,1496,0.4479041916167665,2,0.0005988023952095808,375,0.1122754491017964,0,0.0,3092,0.8844393592677345,291,0.08323798627002288,20,0.005720823798627002,0,0.0,93,0.02660183066361556,0,0.0,772,0.5302197802197802,679,0.46634615384615385,3,0.0020604395604395605,0,0.0,2,0.0013736263736263737,669,0.1212395795578108,8,0.0014498006524102935,2,0.0003624501631025734,4557,0.8258426966292135,44,0.007973903588256614,238,0.04313156940920623,371,0.1485782939527433,1,0.00040048057669203043,1,0.00040048057669203043,1927,0.7717260712855426,77,0.030837004405286344,120,0.048057669203043656,881,0.36677768526228144,112,0.0466278101582015,3,0.0012489592006661116,928,0.38634471273938387,6,0.002497918401332223,472,0.1965029142381349
31,0.46124412277101356,0.43413626432112984,0.8263973774761737,0.5547572904898711,0.6312625485079981,0.05586819844164059,0.2650430573892679,1464,0.43832335329341315,2,0.0005988023952095808,0,0.0,1481,0.4434131736526946,2,0.0005988023952095808,391,0.11706586826347305,0,0.0,3100,0.8867276887871853,285,0.08152173913043478,16,0.004576659038901602,0,0.0,95,0.02717391304347826,0,0.0,781,0.5364010989010989,669,0.45947802197802196,5,0.003434065934065934,0,0.0,1,0.0006868131868131869,681,0.12341428053642624,8,0.0014498006524102935,2,0.0003624501631025734,4546,0.8238492207321493,38,0.006886553098948894,243,0.044037694816962666,379,0.15178213856627953,3,0.0012014417300760913,0,0.0,1926,0.7713255907088507,73,0.02923508209851822,116,0.04645574689627553,879,0.3659450457951707,112,0.0466278101582015,1,0.00041631973355537054,912,0.37968359700249793,2,0.0008326394671107411,496,0.20649458784346378
32,0.45992229227465714,0.4377261633484423,0.826271713304279,0.5514733130105004,0.6316311487823526,0.05951510169358627,0.2529163135087825,1492,0.4467065868263473,3,0.0008982035928143712,3,0.0008982035928143712,1450,0.4341317365269461,3,0.0008982035928143712,389,0.11646706586826347,0,0.0,3099,0.886441647597254,281,0.08037757437070939,19,0.005434782608695652,0,0.0,97,0.027745995423340962,0,0.0,782,0.5370879120879121,665,0.4567307692307692,5,0.003434065934065934,0,0.0,4,0.0027472527472527475,694,0.12577020659659296,7,0.0012685755708590069,6,0.0010873504893077202,4539,0.8225806451612904,40,0.007249003262051468,232,0.04204421891989851,392,0.15698838606327592,2,0.0008009611533840609,1,0.00040048057669203043,1922,0.7697236684020825,78,0.031237484981978373,102,0.0408490188225871,899,0.3742714404662781,112,0.0466278101582015,1,0.00041631973355537054,920,0.38301415487094087,3,0.0012489592006661116,467,0.19442131557035802
33,0.4589719229530442,0.42905574084279435,0.8278367103027688,0.5581571168316685,0.6296657200063106,0.055735808223079844,0.2533804415116429,1458,0.4365269461077844,3,0.0008982035928143712,0,0.0,1470,0.44011976047904194,3,0.0008982035928143712,406,0.12155688622754492,1,0.0002860411899313501,3109,0.8893020594965675,273,0.07808924485125858,17,0.004862700228832952,0,0.0,96,0.02745995423340961,0,0.0,778,0.5343406593406593,671,0.4608516483516483,4,0.0027472527472527475,0,0.0,3,0.0020604395604395605,716,0.12975715839072127,6,0.0010873504893077202,3,0.0005436752446538601,4531,0.8211308445088801,43,0.007792678506705328,219,0.039688292859731786,377,0.15098117741289546,2,0.0008009611533840609,0,0.0,1945,0.7789347216659992,73,0.02923508209851822,100,0.040048057669203045,905,0.3767693588676103,117,0.04870940882597835,2,0.0008326394671107411,907,0.3776019983347211,3,0.0012489592006661116,468,0.1948376353039134
34,0.4547407288834952,0.4239329353560227,0.8244852685941237,0.5481863447745364,0.6266918352431355,0.05656467097638288,0.24858331835676967,1438,0.4305389221556886,2,0.0005988023952095808,0,0.0,1507,0.45119760479041915,2,0.0005988023952095808,391,0.11706586826347305,0,0.0,3095,0.8852974828375286,291,0.08323798627002288,12,0.003432494279176201,0,0.0,98,0.02803203661327231,0,0.0,789,0.5418956043956044,661,0.4539835164835165,5,0.003434065934065934,0,0.0,1,0.0006868131868131869,732,0.13265675969554186,6,0.0010873504893077202,1,0.0001812250815512867,4518,0.8187749184487133,38,0.006886553098948894,223,0.04041319318593693,362,0.144973968762515,2,0.0008009611533840609,0,0.0,1951,0.7813376051261514,74,0.029635562675210253,108,0.043251902282739285,913,0.3800999167360533,118,0.049125728559533725,1,0.00041631973355537054,908,0.37801831806827646,4,0.0016652789342214821,458,0.1906744379683597
35,0.45216524111252504,0.4310055450043948,0.8186727739146866,0.5346789444623886,0.6297750776668751,0.059310141281982955,0.23954896434482245,1480,0.4431137724550898,3,0.0008982035928143712,0,0.0,1466,0.43892215568862275,4,0.0011976047904191617,387,0.11586826347305389,0,0.0,3067,0.8772883295194508,317,0.09067505720823799,15,0.004290617848970252,0,0.0,97,0.027745995423340962,2,0.0013736263736263737,800,0.5494505494505495,649,0.44574175824175827,5,0.003434065934065934,0,0.0,0,0.0,731,0.1324755346139906,5,0.0009061254077564335,3,0.0005436752446538601,4528,0.8205871692642261,45,0.008155128669807901,206,0.03733236679956506,378,0.1513816579895875,1,0.00040048057669203043,1,0.00040048057669203043,1943,0.7781337605126152,78,0.031237484981978373,96,0.03844613536243492,937,0.3900915903413822,121,0.050374687760199835,0,0.0,905,0.3767693588676103,5,0.0020815986677768525,434,0.1806827643630308
